{"stats":{"minecraft:crafted":{"minecraft:cooked_beef":6,"minecraft:raw_iron":18,"minecraft:cooked_porkchop":11,"minecraft:crafting_table":1,"minecraft:enchanting_table":1,"minecraft:wooden_pickaxe":1,"minecraft:furnace":2,"minecraft:bucket":1,"minecraft:birch_planks":80,"minecraft:stone_axe":1,"minecraft:cooked_mutton":10,"minecraft:air":0,"minecraft:book":1,"minecraft:paper":3,"minecraft:iron_boots":1,"minecraft:diamond_pickaxe":1,"minecraft:shield":1,"minecraft:iron_axe":1,"minecraft:stick":16,"minecraft:iron_ingot":15,"minecraft:iron_pickaxe":1,"minecraft:stone_pickaxe":1,"minecraft:white_bed":1,"minecraft:redstone_block":66,"minecraft:raw_iron_block":14,"minecraft:diamond_chestplate":1},"minecraft:used":{"minecraft:moss_block":1,"minecraft:oak_fence":1,"minecraft:cooked_mutton":13,"minecraft:water_bucket":18,"minecraft:enchanting_table":1,"minecraft:stone_pickaxe":50,"minecraft:oak_planks":1,"minecraft:shield":37,"minecraft:wooden_pickaxe":4,"minecraft:dirt":7,"minecraft:rail":1,"minecraft:crafting_table":10,"minecraft:granite":1,"minecraft:white_bed":2,"minecraft:tuff":13,"minecraft:axolotl_bucket":2,"minecraft:diamond_pickaxe":307,"minecraft:lava_bucket":1,"minecraft:iron_axe":73,"minecraft:iron_pickaxe":28,"minecraft:stone_axe":55,"minecraft:cobblestone":30,"minecraft:furnace":8,"minecraft:cooked_porkchop":6,"minecraft:bucket":22,"minecraft:egg":3,"minecraft:cooked_beef":6,"minecraft:cobbled_deepslate":139},"minecraft:killed":{"minecraft:cave_spider":1,"minecraft:pig":8,"minecraft:spider":2,"minecraft:skeleton":8,"minecraft:sheep":8,"minecraft:zombie":15,"minecraft:cow":15},"minecraft:custom":{"minecraft:interact_with_furnace":49,"minecraft:mob_kills":57,"minecraft:interact_with_crafting_table":21,"minecraft:time_since_death":85775,"minecraft:climb_one_cm":791,"minecraft:sleep_in_bed":2,"minecraft:time_since_rest":3477,"minecraft:sprint_one_cm":506999,"minecraft:damage_taken":957,"minecraft:walk_one_cm":104234,"minecraft:damage_blocked_by_shield":1425,"minecraft:drop":46,"minecraft:damage_dealt":8952,"minecraft:swim_one_cm":6165,"minecraft:fly_one_cm":263276,"minecraft:open_chest":2,"minecraft:crouch_one_cm":8917,"minecraft:play_time":85775,"minecraft:sneak_time":4419,"minecraft:walk_under_water_one_cm":1831,"minecraft:jump":2052,"minecraft:walk_on_water_one_cm":13623,"minecraft:enchant_item":3,"minecraft:total_world_time":85775,"minecraft:fall_one_cm":29795},"minecraft:dropped":{"minecraft:stone_axe":1,"minecraft:tuff":3,"minecraft:birch_sapling":3,"minecraft:oak_fence":4,"minecraft:cobblestone":13,"minecraft:rotten_flesh":17,"minecraft:clay_ball":2,"minecraft:oak_planks":5,"minecraft:granite":1,"minecraft:rail":5,"minecraft:stick":4,"minecraft:dirt":2,"minecraft:gray_wool":1,"minecraft:diorite":2,"minecraft:andesite":11,"minecraft:arrow":2,"minecraft:stone_pickaxe":1,"minecraft:wooden_pickaxe":2,"minecraft:iron_pickaxe":1,"minecraft:string":1,"minecraft:bone":1},"minecraft:mined":{"minecraft:deepslate_redstone_ore":27,"minecraft:tuff":16,"minecraft:white_bed":2,"minecraft:dark_oak_leaves":1,"minecraft:deepslate_diamond_ore":6,"minecraft:obsidian":4,"minecraft:crafting_table":11,"minecraft:granite":2,"minecraft:grass_block":2,"minecraft:copper_ore":1,"minecraft:cobblestone":9,"minecraft:lapis_ore":3,"minecraft:deepslate_gold_ore":15,"minecraft:moss_block":1,"minecraft:sugar_cane":10,"minecraft:diorite":2,"minecraft:raw_iron_block":3,"minecraft:furnace":8,"minecraft:birch_log":11,"minecraft:iron_ore":21,"minecraft:cobbled_deepslate":16,"minecraft:andesite":8,"minecraft:deepslate_lapis_ore":2,"minecraft:enchanting_table":1,"minecraft:grass":2,"minecraft:coal_ore":4,"minecraft:cave_vines":1,"minecraft:deepslate_iron_ore":65,"minecraft:rail":4,"minecraft:dirt":7,"minecraft:gold_ore":1,"minecraft:stone":75,"minecraft:deepslate":90},"minecraft:picked_up":{"minecraft:birch_log":26,"minecraft:enchanting_table":1,"minecraft:crafting_table":11,"minecraft:clay_ball":2,"minecraft:andesite":11,"minecraft:leather":17,"minecraft:wooden_pickaxe":1,"minecraft:birch_planks":60,"minecraft:tuff":16,"minecraft:lapis_lazuli":144,"minecraft:string":1,"minecraft:dirt":9,"minecraft:raw_copper":25,"minecraft:bone":6,"minecraft:bow":1,"minecraft:cobbled_deepslate":139,"minecraft:raw_gold":75,"minecraft:beef":31,"minecraft:moss_block":1,"minecraft:sugar_cane":16,"minecraft:birch_sapling":6,"minecraft:oak_planks":6,"minecraft:egg":3,"minecraft:furnace":8,"minecraft:dark_oak_sapling":2,"minecraft:stick":7,"minecraft:raw_iron":265,"minecraft:cooked_porkchop":5,"minecraft:oak_fence":5,"minecraft:raw_iron_block":4,"minecraft:porkchop":16,"minecraft:diorite":2,"minecraft:white_bed":2,"minecraft:redstone":609,"minecraft:arrow":7,"minecraft:rotten_flesh":17,"minecraft:diamond":29,"minecraft:granite":2,"minecraft:gray_wool":1,"minecraft:coal":24,"minecraft:rail":6,"minecraft:obsidian":4,"minecraft:black_wool":2,"minecraft:mutton":13,"minecraft:white_wool":5,"minecraft:cobblestone":83}},"DataVersion":3465}