{"stats":{"minecraft:killed":{"minecraft:cave_spider":1,"minecraft:spider":2,"minecraft:skeleton":10,"minecraft:pig":8,"minecraft:sheep":8,"minecraft:zombie":15,"minecraft:villager":1,"minecraft:cow":16},"minecraft:mined":{"minecraft:tuff":16,"minecraft:spruce_planks":191,"minecraft:white_bed":26,"minecraft:dark_oak_leaves":1,"minecraft:deepslate_diamond_ore":6,"minecraft:obsidian":11,"minecraft:spruce_trapdoor":2,"minecraft:granite":2,"minecraft:grass_block":67,"minecraft:white_concrete":192,"minecraft:soul_soil":2,"minecraft:birch_slab":1,"minecraft:spruce_leaves":27,"minecraft:composter":12,"minecraft:moss_block":1,"minecraft:hay_block":125,"minecraft:raw_iron_block":3,"minecraft:spruce_sapling":3,"minecraft:furnace":10,"minecraft:iron_ore":21,"minecraft:cobbled_deepslate":16,"minecraft:andesite":8,"minecraft:deepslate_lapis_ore":2,"minecraft:fletching_table":26,"minecraft:enchanting_table":3,"minecraft:bell":4,"minecraft:bookshelf":7,"minecraft:potatoes":49,"minecraft:cave_vines":1,"minecraft:deepslate_iron_ore":65,"minecraft:dirt_path":4,"minecraft:rail":4,"minecraft:bone_block":107,"minecraft:stone":76,"minecraft:spruce_slab":1,"minecraft:podzol":2,"minecraft:deepslate_redstone_ore":27,"minecraft:soul_fire":4,"minecraft:dandelion":3,"minecraft:crafting_table":13,"minecraft:blast_furnace":2,"minecraft:chest":2,"minecraft:nether_quartz_ore":1,"minecraft:lectern":68,"minecraft:copper_ore":1,"minecraft:tall_grass":13,"minecraft:glass":2,"minecraft:cobblestone":18,"minecraft:deepslate_gold_ore":15,"minecraft:lapis_ore":3,"minecraft:grindstone":2,"minecraft:sugar_cane":97,"minecraft:diorite":2,"minecraft:birch_planks":4,"minecraft:dark_oak_door":1,"minecraft:birch_log":11,"minecraft:spruce_log":83,"minecraft:birch_leaves":1,"minecraft:yellow_bed":15,"minecraft:grass":272,"minecraft:coal_ore":4,"minecraft:gravel":44,"minecraft:dirt":9,"minecraft:netherrack":5,"minecraft:gold_ore":1,"minecraft:oak_leaves":8,"minecraft:deepslate":90,"minecraft:fern":1},"minecraft:crafted":{"minecraft:golden_carrot":72,"minecraft:grindstone":2,"minecraft:cookie":288,"minecraft:raw_iron":288,"minecraft:iron_nugget":6,"minecraft:furnace":3,"minecraft:stone":3,"minecraft:bone_meal":390,"minecraft:bookshelf":20,"minecraft:spruce_pressure_plate":46,"minecraft:cooked_mutton":10,"minecraft:suspicious_stew":14,"minecraft:flint_and_steel":1,"minecraft:iron_boots":1,"minecraft:diamond_leggings":1,"minecraft:diamond_helmet":1,"minecraft:bow":12,"minecraft:iron_axe":40,"minecraft:spruce_slab":30,"minecraft:stone_pickaxe":1,"minecraft:chest":8,"minecraft:diamond_boots":2,"minecraft:redstone_block":67,"minecraft:stone_hoe":3,"minecraft:wheat":1125,"minecraft:raw_iron_block":29,"minecraft:cooked_beef":30,"minecraft:emerald":792,"minecraft:arrow":16,"minecraft:cooked_porkchop":11,"minecraft:diamond_axe":1,"minecraft:crafting_table":130,"minecraft:spruce_planks":23392,"minecraft:enchanting_table":1,"minecraft:wooden_pickaxe":1,"minecraft:copper_ingot":25,"minecraft:fletching_table":2,"minecraft:bucket":2,"minecraft:birch_planks":80,"minecraft:stone_axe":1,"minecraft:enchanted_book":9,"minecraft:bread":435,"minecraft:air":0,"minecraft:apple":48,"minecraft:spruce_trapdoor":26,"minecraft:lectern":2,"minecraft:book":1,"minecraft:iron_chestplate":10,"minecraft:paper":111,"minecraft:diamond_pickaxe":2,"minecraft:shield":10,"minecraft:stick":43775,"minecraft:stone_slab":6,"minecraft:iron_ingot":292,"minecraft:iron_pickaxe":1,"minecraft:iron_block":3,"minecraft:iron_shovel":1,"minecraft:gold_ingot":76,"minecraft:anvil":1,"minecraft:white_bed":2,"minecraft:pumpkin_pie":48,"minecraft:composter":1,"minecraft:spruce_fence_gate":8,"minecraft:diamond_chestplate":1},"minecraft:picked_up":{"minecraft:iron_chestplate":1,"minecraft:crafting_table":14,"minecraft:redstone_block":64,"minecraft:clay_ball":2,"minecraft:wooden_pickaxe":1,"minecraft:shield":9,"minecraft:soul_soil":2,"minecraft:string":1,"minecraft:raw_copper":25,"minecraft:iron_axe":16,"minecraft:gold_nugget":6,"minecraft:cobbled_deepslate":139,"minecraft:spruce_planks":263,"minecraft:beef":34,"minecraft:spruce_slab":1,"minecraft:lectern":68,"minecraft:spruce_trapdoor":2,"minecraft:sugar_cane":185,"minecraft:chest":2,"minecraft:birch_sapling":6,"minecraft:furnace":11,"minecraft:egg":7,"minecraft:dark_oak_sapling":2,"minecraft:raw_iron":269,"minecraft:stick":1928,"minecraft:composter":11,"minecraft:oak_fence":5,"minecraft:porkchop":16,"minecraft:cookie":54,"minecraft:diorite":2,"minecraft:redstone":615,"minecraft:goat_horn":4,"minecraft:arrow":9,"minecraft:rotten_flesh":17,"minecraft:hay_block":125,"minecraft:bone_block":105,"minecraft:obsidian":11,"minecraft:mutton":14,"minecraft:rail":6,"minecraft:white_wool":9,"minecraft:cobblestone":95,"minecraft:birch_log":26,"minecraft:enchanting_table":3,"minecraft:golden_carrot":29,"minecraft:birch_slab":1,"minecraft:andesite":11,"minecraft:leather":17,"minecraft:potato":189,"minecraft:birch_planks":63,"minecraft:flint":5,"minecraft:tuff":16,"minecraft:yellow_bed":15,"minecraft:lapis_lazuli":155,"minecraft:dirt":81,"minecraft:bone":12,"minecraft:bow":14,"minecraft:wheat_seeds":36,"minecraft:raw_gold":150,"minecraft:bell":4,"minecraft:grindstone":2,"minecraft:fletching_table":26,"minecraft:moss_block":1,"minecraft:oak_planks":6,"minecraft:book":21,"minecraft:cooked_porkchop":5,"minecraft:poisonous_potato":2,"minecraft:quartz":11,"minecraft:dandelion":3,"minecraft:axolotl_bucket":1,"minecraft:raw_iron_block":4,"minecraft:gravel":39,"minecraft:spruce_sapling":777,"minecraft:blast_furnace":2,"minecraft:white_bed":27,"minecraft:spruce_log":5861,"minecraft:white_concrete_powder":192,"minecraft:diamond":29,"minecraft:granite":2,"minecraft:bone_meal":24,"minecraft:gray_wool":1,"minecraft:white_concrete":455,"minecraft:bread":379,"minecraft:netherrack":5,"minecraft:black_wool":2,"minecraft:coal":57,"minecraft:diamond_pickaxe":1},"minecraft:used":{"minecraft:oak_fence":1,"minecraft:moss_block":1,"minecraft:enchanting_table":4,"minecraft:iron_shovel":109,"minecraft:flint_and_steel":1,"minecraft:spruce_slab":1,"minecraft:chest":10,"minecraft:white_concrete_powder":192,"minecraft:spruce_planks":528,"minecraft:shield":37,"minecraft:bell":4,"minecraft:stone_hoe":215,"minecraft:netherrack":5,"minecraft:dirt":67,"minecraft:anvil":1,"minecraft:axolotl_bucket":8,"minecraft:obsidian":10,"minecraft:diamond_helmet":2,"minecraft:tuff":13,"minecraft:granite":1,"minecraft:lava_bucket":4,"minecraft:bookshelf":18,"minecraft:iron_axe":462,"minecraft:golden_carrot":37,"minecraft:soul_soil":2,"minecraft:goat_horn":5,"minecraft:furnace":13,"minecraft:egg":7,"minecraft:potato":47,"minecraft:cooked_beef":19,"minecraft:cobbled_deepslate":139,"minecraft:wheat_seeds":21,"minecraft:cooked_mutton":14,"minecraft:water_bucket":51,"minecraft:diamond_boots":1,"minecraft:birch_planks":4,"minecraft:stone_pickaxe":50,"minecraft:oak_planks":1,"minecraft:wooden_pickaxe":4,"minecraft:sugar_cane":72,"minecraft:composter":11,"minecraft:diamond_axe":48,"minecraft:fletching_table":28,"minecraft:spruce_fence_gate":8,"minecraft:rail":1,"minecraft:blast_furnace":2,"minecraft:crafting_table":20,"minecraft:white_bed":18,"minecraft:spruce_log":6,"minecraft:diamond_pickaxe":642,"minecraft:spruce_trapdoor":24,"minecraft:iron_pickaxe":28,"minecraft:lectern":70,"minecraft:spruce_sapling":761,"minecraft:gravel":39,"minecraft:stone_axe":55,"minecraft:cobblestone":39,"minecraft:grindstone":4,"minecraft:cooked_porkchop":16,"minecraft:bucket":65,"minecraft:yellow_bed":10,"minecraft:dandelion":3,"minecraft:bone_meal":78},"minecraft:custom":{"minecraft:interact_with_anvil":7,"minecraft:mob_kills":61,"minecraft:interact_with_crafting_table":81,"minecraft:bell_ring":80,"minecraft:leave_game":11,"minecraft:time_since_death":491985,"minecraft:climb_one_cm":1764,"minecraft:sprint_one_cm":2009534,"minecraft:walk_one_cm":475555,"minecraft:damage_blocked_by_shield":1425,"minecraft:drop":280,"minecraft:talked_to_villager":500,"minecraft:play_time":491985,"minecraft:sneak_time":9458,"minecraft:walk_under_water_one_cm":5860,"minecraft:jump":10659,"minecraft:interact_with_blast_furnace":2,"minecraft:walk_on_water_one_cm":52561,"minecraft:enchant_item":17,"minecraft:total_world_time":491985,"minecraft:interact_with_furnace":132,"minecraft:traded_with_villager":967,"minecraft:interact_with_grindstone":14,"minecraft:sleep_in_bed":27,"minecraft:time_since_rest":5981,"minecraft:damage_taken":2006,"minecraft:damage_dealt":9887,"minecraft:swim_one_cm":62710,"minecraft:fly_one_cm":2229627,"minecraft:open_chest":357,"minecraft:crouch_one_cm":20627,"minecraft:fall_one_cm":268478},"minecraft:dropped":{"minecraft:bread":818,"minecraft:wheat_seeds":15,"minecraft:diamond":3,"minecraft:poisonous_potato":2,"minecraft:cookie":342,"minecraft:oak_fence":4,"minecraft:cobblestone":16,"minecraft:apple":48,"minecraft:granite":1,"minecraft:rail":5,"minecraft:birch_slab":1,"minecraft:stick":1479,"minecraft:dirt":14,"minecraft:gray_wool":1,"minecraft:diorite":2,"minecraft:golden_carrot":29,"minecraft:white_concrete":455,"minecraft:gold_nugget":8,"minecraft:iron_axe":16,"minecraft:iron_pickaxe":1,"minecraft:string":1,"minecraft:white_wool":3,"minecraft:redstone":6,"minecraft:redstone_block":64,"minecraft:bone":1,"minecraft:furnace":1,"minecraft:stone_axe":1,"minecraft:goat_horn":3,"minecraft:iron_nugget":2,"minecraft:tuff":3,"minecraft:birch_sapling":3,"minecraft:composter":1,"minecraft:rotten_flesh":17,"minecraft:clay_ball":2,"minecraft:oak_planks":5,"minecraft:iron_boots":1,"minecraft:white_bed":1,"minecraft:suspicious_stew":14,"minecraft:potato":6,"minecraft:shield":18,"minecraft:spruce_trapdoor":1,"minecraft:spruce_planks":69,"minecraft:diamond_pickaxe":1,"minecraft:iron_chestplate":5,"minecraft:andesite":11,"minecraft:spruce_pressure_plate":46,"minecraft:golden_leggings":1,"minecraft:spruce_slab":11,"minecraft:arrow":2,"minecraft:bow":24,"minecraft:beef":3,"minecraft:stone_pickaxe":1,"minecraft:wooden_pickaxe":2}},"DataVersion":3465}