{"stats":{"minecraft:crafted":{"minecraft:raw_iron":288,"minecraft:furnace":2,"minecraft:bone_meal":15,"minecraft:cooked_mutton":10,"minecraft:iron_boots":1,"minecraft:iron_axe":2,"minecraft:spruce_slab":6,"minecraft:stone_pickaxe":1,"minecraft:chest":2,"minecraft:redstone_block":67,"minecraft:stone_hoe":2,"minecraft:raw_iron_block":29,"minecraft:wheat":1125,"minecraft:cooked_beef":30,"minecraft:emerald":16,"minecraft:cooked_porkchop":11,"minecraft:crafting_table":1,"minecraft:spruce_planks":928,"minecraft:enchanting_table":1,"minecraft:wooden_pickaxe":1,"minecraft:fletching_table":1,"minecraft:bucket":2,"minecraft:birch_planks":80,"minecraft:stone_axe":1,"minecraft:bread":375,"minecraft:air":0,"minecraft:spruce_trapdoor":2,"minecraft:book":1,"minecraft:paper":3,"minecraft:diamond_pickaxe":1,"minecraft:shield":1,"minecraft:stick":1012,"minecraft:iron_ingot":144,"minecraft:iron_pickaxe":1,"minecraft:iron_shovel":1,"minecraft:white_bed":1,"minecraft:spruce_fence_gate":8,"minecraft:diamond_chestplate":1},"minecraft:killed":{"minecraft:cave_spider":1,"minecraft:spider":2,"minecraft:skeleton":8,"minecraft:pig":8,"minecraft:sheep":8,"minecraft:zombie":15,"minecraft:cow":15},"minecraft:mined":{"minecraft:tuff":16,"minecraft:spruce_planks":35,"minecraft:white_bed":15,"minecraft:dark_oak_leaves":1,"minecraft:deepslate_diamond_ore":6,"minecraft:obsidian":11,"minecraft:granite":2,"minecraft:grass_block":50,"minecraft:white_concrete":192,"minecraft:birch_slab":1,"minecraft:moss_block":1,"minecraft:composter":1,"minecraft:hay_block":125,"minecraft:raw_iron_block":3,"minecraft:furnace":10,"minecraft:iron_ore":21,"minecraft:cobbled_deepslate":16,"minecraft:andesite":8,"minecraft:fletching_table":4,"minecraft:deepslate_lapis_ore":2,"minecraft:enchanting_table":2,"minecraft:bell":4,"minecraft:bookshelf":4,"minecraft:potatoes":2,"minecraft:cave_vines":1,"minecraft:deepslate_iron_ore":65,"minecraft:rail":4,"minecraft:stone":76,"minecraft:spruce_slab":1,"minecraft:podzol":2,"minecraft:deepslate_redstone_ore":27,"minecraft:crafting_table":12,"minecraft:blast_furnace":1,"minecraft:chest":2,"minecraft:lectern":1,"minecraft:glass":2,"minecraft:tall_grass":3,"minecraft:copper_ore":1,"minecraft:cobblestone":18,"minecraft:lapis_ore":3,"minecraft:deepslate_gold_ore":15,"minecraft:sugar_cane":16,"minecraft:diorite":2,"minecraft:birch_planks":4,"minecraft:dark_oak_door":1,"minecraft:birch_log":11,"minecraft:spruce_log":9,"minecraft:birch_leaves":1,"minecraft:yellow_bed":9,"minecraft:grass":107,"minecraft:coal_ore":4,"minecraft:gravel":7,"minecraft:dirt":7,"minecraft:gold_ore":1,"minecraft:oak_leaves":8,"minecraft:deepslate":90,"minecraft:fern":1},"minecraft:used":{"minecraft:oak_fence":1,"minecraft:moss_block":1,"minecraft:enchanting_table":3,"minecraft:iron_shovel":51,"minecraft:spruce_slab":1,"minecraft:white_concrete_powder":192,"minecraft:chest":4,"minecraft:spruce_planks":253,"minecraft:shield":37,"minecraft:bell":4,"minecraft:stone_hoe":210,"minecraft:dirt":53,"minecraft:tuff":13,"minecraft:granite":1,"minecraft:axolotl_bucket":8,"minecraft:obsidian":10,"minecraft:lava_bucket":4,"minecraft:iron_axe":150,"minecraft:goat_horn":5,"minecraft:furnace":12,"minecraft:egg":7,"minecraft:cooked_beef":18,"minecraft:potato":2,"minecraft:cobbled_deepslate":139,"minecraft:cooked_mutton":14,"minecraft:water_bucket":29,"minecraft:birch_planks":4,"minecraft:stone_pickaxe":50,"minecraft:oak_planks":1,"minecraft:wooden_pickaxe":4,"minecraft:composter":1,"minecraft:fletching_table":5,"minecraft:spruce_fence_gate":8,"minecraft:rail":1,"minecraft:crafting_table":13,"minecraft:white_bed":16,"minecraft:diamond_pickaxe":525,"minecraft:iron_pickaxe":28,"minecraft:spruce_trapdoor":1,"minecraft:spruce_sapling":8,"minecraft:gravel":5,"minecraft:stone_axe":55,"minecraft:cobblestone":39,"minecraft:cooked_porkchop":16,"minecraft:bucket":43,"minecraft:yellow_bed":9,"minecraft:bone_meal":5},"minecraft:dropped":{"minecraft:bread":758,"minecraft:wheat_seeds":13,"minecraft:diamond":3,"minecraft:oak_fence":4,"minecraft:cobblestone":16,"minecraft:granite":1,"minecraft:rail":5,"minecraft:birch_slab":1,"minecraft:stick":6,"minecraft:dirt":6,"minecraft:gray_wool":1,"minecraft:diorite":2,"minecraft:white_concrete":455,"minecraft:iron_pickaxe":1,"minecraft:string":1,"minecraft:white_wool":3,"minecraft:redstone":6,"minecraft:redstone_block":64,"minecraft:bone":1,"minecraft:furnace":1,"minecraft:stone_axe":1,"minecraft:goat_horn":3,"minecraft:tuff":3,"minecraft:birch_sapling":3,"minecraft:rotten_flesh":17,"minecraft:clay_ball":2,"minecraft:oak_planks":5,"minecraft:white_bed":1,"minecraft:spruce_planks":64,"minecraft:andesite":11,"minecraft:arrow":2,"minecraft:wooden_pickaxe":2,"minecraft:stone_pickaxe":1},"minecraft:picked_up":{"minecraft:crafting_table":13,"minecraft:redstone_block":64,"minecraft:clay_ball":2,"minecraft:wooden_pickaxe":1,"minecraft:string":1,"minecraft:raw_copper":25,"minecraft:cobbled_deepslate":139,"minecraft:spruce_planks":77,"minecraft:beef":31,"minecraft:spruce_slab":1,"minecraft:lectern":1,"minecraft:sugar_cane":27,"minecraft:chest":2,"minecraft:birch_sapling":6,"minecraft:furnace":11,"minecraft:egg":7,"minecraft:dark_oak_sapling":2,"minecraft:stick":23,"minecraft:raw_iron":269,"minecraft:composter":1,"minecraft:oak_fence":5,"minecraft:porkchop":16,"minecraft:diorite":2,"minecraft:redstone":615,"minecraft:goat_horn":4,"minecraft:arrow":7,"minecraft:rotten_flesh":17,"minecraft:hay_block":125,"minecraft:cobblestone":95,"minecraft:obsidian":11,"minecraft:mutton":14,"minecraft:rail":6,"minecraft:white_wool":9,"minecraft:birch_log":26,"minecraft:enchanting_table":2,"minecraft:birch_slab":1,"minecraft:andesite":11,"minecraft:leather":17,"minecraft:potato":2,"minecraft:birch_planks":63,"minecraft:flint":2,"minecraft:tuff":16,"minecraft:yellow_bed":9,"minecraft:lapis_lazuli":155,"minecraft:dirt":60,"minecraft:bone":7,"minecraft:bow":1,"minecraft:wheat_seeds":13,"minecraft:raw_gold":150,"minecraft:bell":4,"minecraft:fletching_table":4,"minecraft:moss_block":1,"minecraft:oak_planks":6,"minecraft:book":12,"minecraft:cooked_porkchop":5,"minecraft:axolotl_bucket":1,"minecraft:raw_iron_block":4,"minecraft:gravel":5,"minecraft:blast_furnace":1,"minecraft:spruce_sapling":36,"minecraft:white_bed":16,"minecraft:spruce_log":232,"minecraft:white_concrete_powder":192,"minecraft:diamond":29,"minecraft:granite":2,"minecraft:gray_wool":1,"minecraft:white_concrete":455,"minecraft:bread":379,"minecraft:black_wool":2,"minecraft:coal":57},"minecraft:custom":{"minecraft:mob_kills":57,"minecraft:interact_with_crafting_table":46,"minecraft:bell_ring":77,"minecraft:leave_game":3,"minecraft:time_since_death":241863,"minecraft:climb_one_cm":1764,"minecraft:sprint_one_cm":974688,"minecraft:walk_one_cm":189600,"minecraft:damage_blocked_by_shield":1425,"minecraft:drop":95,"minecraft:talked_to_villager":7,"minecraft:play_time":241863,"minecraft:sneak_time":6090,"minecraft:walk_under_water_one_cm":5607,"minecraft:jump":5371,"minecraft:walk_on_water_one_cm":34257,"minecraft:enchant_item":4,"minecraft:total_world_time":241863,"minecraft:interact_with_furnace":89,"minecraft:traded_with_villager":16,"minecraft:sleep_in_bed":8,"minecraft:time_since_rest":11737,"minecraft:damage_taken":1351,"minecraft:damage_dealt":9217,"minecraft:swim_one_cm":58338,"minecraft:fly_one_cm":1057773,"minecraft:open_chest":59,"minecraft:crouch_one_cm":12292,"minecraft:fall_one_cm":117625}},"DataVersion":3465}