{"stats":{"minecraft:crafted":{"minecraft:golden_carrot":33,"minecraft:grindstone":1,"minecraft:cookie":144,"minecraft:raw_iron":288,"minecraft:iron_nugget":6,"minecraft:furnace":3,"minecraft:stone":3,"minecraft:bone_meal":18,"minecraft:bookshelf":14,"minecraft:cooked_mutton":10,"minecraft:suspicious_stew":7,"minecraft:diamond_helmet":1,"minecraft:diamond_leggings":1,"minecraft:iron_boots":1,"minecraft:iron_axe":22,"minecraft:spruce_slab":18,"minecraft:stone_pickaxe":1,"minecraft:chest":8,"minecraft:diamond_boots":1,"minecraft:redstone_block":67,"minecraft:stone_hoe":2,"minecraft:wheat":1125,"minecraft:raw_iron_block":29,"minecraft:cooked_beef":30,"minecraft:emerald":314,"minecraft:arrow":16,"minecraft:cooked_porkchop":11,"minecraft:crafting_table":2,"minecraft:spruce_planks":8932,"minecraft:enchanting_table":1,"minecraft:wooden_pickaxe":1,"minecraft:copper_ingot":25,"minecraft:fletching_table":1,"minecraft:bucket":2,"minecraft:birch_planks":80,"minecraft:stone_axe":1,"minecraft:bread":435,"minecraft:air":0,"minecraft:apple":48,"minecraft:spruce_trapdoor":14,"minecraft:iron_chestplate":10,"minecraft:book":1,"minecraft:paper":3,"minecraft:diamond_pickaxe":1,"minecraft:shield":10,"minecraft:stick":16599,"minecraft:stone_slab":6,"minecraft:iron_ingot":292,"minecraft:iron_pickaxe":1,"minecraft:iron_shovel":1,"minecraft:gold_ingot":76,"minecraft:white_bed":2,"minecraft:composter":1,"minecraft:spruce_fence_gate":8,"minecraft:diamond_chestplate":1},"minecraft:used":{"minecraft:oak_fence":1,"minecraft:moss_block":1,"minecraft:enchanting_table":4,"minecraft:iron_shovel":65,"minecraft:spruce_slab":1,"minecraft:chest":10,"minecraft:white_concrete_powder":192,"minecraft:spruce_planks":362,"minecraft:shield":37,"minecraft:bell":4,"minecraft:stone_hoe":210,"minecraft:dirt":67,"minecraft:axolotl_bucket":8,"minecraft:tuff":13,"minecraft:granite":1,"minecraft:obsidian":10,"minecraft:lava_bucket":4,"minecraft:bookshelf":14,"minecraft:iron_axe":294,"minecraft:golden_carrot":15,"minecraft:goat_horn":5,"minecraft:furnace":13,"minecraft:egg":7,"minecraft:potato":45,"minecraft:cooked_beef":19,"minecraft:cobbled_deepslate":139,"minecraft:wheat_seeds":21,"minecraft:cooked_mutton":14,"minecraft:water_bucket":41,"minecraft:birch_planks":4,"minecraft:stone_pickaxe":50,"minecraft:oak_planks":1,"minecraft:wooden_pickaxe":4,"minecraft:composter":5,"minecraft:sugar_cane":26,"minecraft:fletching_table":16,"minecraft:spruce_fence_gate":8,"minecraft:rail":1,"minecraft:crafting_table":15,"minecraft:blast_furnace":2,"minecraft:white_bed":18,"minecraft:diamond_pickaxe":528,"minecraft:iron_pickaxe":28,"minecraft:lectern":3,"minecraft:spruce_trapdoor":13,"minecraft:spruce_sapling":260,"minecraft:gravel":5,"minecraft:stone_axe":55,"minecraft:cobblestone":39,"minecraft:grindstone":2,"minecraft:cooked_porkchop":16,"minecraft:bucket":55,"minecraft:yellow_bed":10,"minecraft:bone_meal":25},"minecraft:killed":{"minecraft:cave_spider":1,"minecraft:spider":2,"minecraft:skeleton":8,"minecraft:pig":8,"minecraft:sheep":8,"minecraft:zombie":15,"minecraft:cow":15},"minecraft:custom":{"minecraft:mob_kills":57,"minecraft:interact_with_crafting_table":68,"minecraft:bell_ring":80,"minecraft:leave_game":8,"minecraft:time_since_death":354238,"minecraft:climb_one_cm":1764,"minecraft:sprint_one_cm":1441314,"minecraft:walk_one_cm":336012,"minecraft:damage_blocked_by_shield":1425,"minecraft:drop":190,"minecraft:talked_to_villager":196,"minecraft:play_time":354238,"minecraft:sneak_time":7880,"minecraft:walk_under_water_one_cm":5698,"minecraft:jump":7829,"minecraft:interact_with_blast_furnace":1,"minecraft:walk_on_water_one_cm":44336,"minecraft:enchant_item":6,"minecraft:total_world_time":354238,"minecraft:interact_with_furnace":129,"minecraft:traded_with_villager":405,"minecraft:sleep_in_bed":17,"minecraft:time_since_rest":10639,"minecraft:damage_taken":1533,"minecraft:damage_dealt":9217,"minecraft:swim_one_cm":58578,"minecraft:fly_one_cm":1623666,"minecraft:open_chest":202,"minecraft:crouch_one_cm":17259,"minecraft:fall_one_cm":189602},"minecraft:dropped":{"minecraft:bread":818,"minecraft:wheat_seeds":13,"minecraft:diamond":3,"minecraft:cookie":144,"minecraft:oak_fence":4,"minecraft:cobblestone":16,"minecraft:apple":48,"minecraft:granite":1,"minecraft:rail":5,"minecraft:birch_slab":1,"minecraft:stick":615,"minecraft:dirt":7,"minecraft:gray_wool":1,"minecraft:diorite":2,"minecraft:white_concrete":455,"minecraft:gold_nugget":8,"minecraft:iron_axe":2,"minecraft:iron_pickaxe":1,"minecraft:string":1,"minecraft:white_wool":3,"minecraft:redstone":6,"minecraft:redstone_block":64,"minecraft:bone":1,"minecraft:furnace":1,"minecraft:stone_axe":1,"minecraft:goat_horn":3,"minecraft:iron_nugget":2,"minecraft:tuff":3,"minecraft:birch_sapling":3,"minecraft:composter":1,"minecraft:rotten_flesh":17,"minecraft:clay_ball":2,"minecraft:oak_planks":5,"minecraft:iron_boots":1,"minecraft:white_bed":1,"minecraft:suspicious_stew":7,"minecraft:potato":1,"minecraft:shield":18,"minecraft:spruce_trapdoor":1,"minecraft:spruce_planks":64,"minecraft:iron_chestplate":5,"minecraft:andesite":11,"minecraft:golden_leggings":1,"minecraft:spruce_slab":11,"minecraft:arrow":2,"minecraft:stone_pickaxe":1,"minecraft:wooden_pickaxe":2},"minecraft:mined":{"minecraft:tuff":16,"minecraft:spruce_planks":114,"minecraft:white_bed":26,"minecraft:dark_oak_leaves":1,"minecraft:deepslate_diamond_ore":6,"minecraft:spruce_trapdoor":2,"minecraft:obsidian":11,"minecraft:granite":2,"minecraft:grass_block":60,"minecraft:white_concrete":192,"minecraft:birch_slab":1,"minecraft:spruce_leaves":11,"minecraft:composter":6,"minecraft:moss_block":1,"minecraft:hay_block":125,"minecraft:raw_iron_block":3,"minecraft:spruce_sapling":2,"minecraft:furnace":10,"minecraft:iron_ore":21,"minecraft:cobbled_deepslate":16,"minecraft:andesite":8,"minecraft:deepslate_lapis_ore":2,"minecraft:fletching_table":15,"minecraft:enchanting_table":3,"minecraft:bell":4,"minecraft:bookshelf":4,"minecraft:potatoes":20,"minecraft:cave_vines":1,"minecraft:deepslate_iron_ore":65,"minecraft:dirt_path":4,"minecraft:rail":4,"minecraft:stone":76,"minecraft:spruce_slab":1,"minecraft:podzol":2,"minecraft:deepslate_redstone_ore":27,"minecraft:crafting_table":13,"minecraft:blast_furnace":2,"minecraft:chest":2,"minecraft:lectern":3,"minecraft:copper_ore":1,"minecraft:glass":2,"minecraft:tall_grass":8,"minecraft:cobblestone":18,"minecraft:deepslate_gold_ore":15,"minecraft:lapis_ore":3,"minecraft:grindstone":1,"minecraft:sugar_cane":43,"minecraft:diorite":2,"minecraft:birch_planks":4,"minecraft:dark_oak_door":1,"minecraft:birch_log":11,"minecraft:spruce_log":38,"minecraft:birch_leaves":1,"minecraft:yellow_bed":15,"minecraft:grass":265,"minecraft:coal_ore":4,"minecraft:gravel":7,"minecraft:dirt":8,"minecraft:gold_ore":1,"minecraft:oak_leaves":8,"minecraft:deepslate":90,"minecraft:fern":1},"minecraft:picked_up":{"minecraft:iron_chestplate":1,"minecraft:crafting_table":14,"minecraft:redstone_block":64,"minecraft:clay_ball":2,"minecraft:wooden_pickaxe":1,"minecraft:shield":9,"minecraft:string":1,"minecraft:raw_copper":25,"minecraft:iron_axe":2,"minecraft:gold_nugget":6,"minecraft:cobbled_deepslate":139,"minecraft:spruce_planks":152,"minecraft:beef":31,"minecraft:spruce_slab":1,"minecraft:lectern":3,"minecraft:sugar_cane":81,"minecraft:chest":2,"minecraft:birch_sapling":6,"minecraft:spruce_trapdoor":2,"minecraft:furnace":11,"minecraft:egg":7,"minecraft:dark_oak_sapling":2,"minecraft:stick":832,"minecraft:raw_iron":269,"minecraft:composter":5,"minecraft:oak_fence":5,"minecraft:porkchop":16,"minecraft:cookie":54,"minecraft:diorite":2,"minecraft:redstone":615,"minecraft:goat_horn":4,"minecraft:arrow":7,"minecraft:rotten_flesh":17,"minecraft:hay_block":125,"minecraft:obsidian":11,"minecraft:mutton":14,"minecraft:rail":6,"minecraft:white_wool":9,"minecraft:cobblestone":95,"minecraft:birch_log":26,"minecraft:enchanting_table":3,"minecraft:birch_slab":1,"minecraft:andesite":11,"minecraft:leather":17,"minecraft:potato":46,"minecraft:birch_planks":63,"minecraft:flint":2,"minecraft:tuff":16,"minecraft:yellow_bed":15,"minecraft:lapis_lazuli":155,"minecraft:dirt":75,"minecraft:bone":7,"minecraft:bow":1,"minecraft:grindstone":1,"minecraft:wheat_seeds":34,"minecraft:raw_gold":150,"minecraft:bell":4,"minecraft:fletching_table":15,"minecraft:moss_block":1,"minecraft:oak_planks":6,"minecraft:book":12,"minecraft:cooked_porkchop":5,"minecraft:axolotl_bucket":1,"minecraft:raw_iron_block":4,"minecraft:gravel":5,"minecraft:spruce_sapling":334,"minecraft:blast_furnace":2,"minecraft:white_bed":27,"minecraft:spruce_log":2609,"minecraft:white_concrete_powder":192,"minecraft:diamond":29,"minecraft:granite":2,"minecraft:bone_meal":7,"minecraft:gray_wool":1,"minecraft:white_concrete":455,"minecraft:bread":379,"minecraft:black_wool":2,"minecraft:coal":57}},"DataVersion":3465}