{"stats":{"minecraft:killed":{"minecraft:cave_spider":1,"minecraft:spider":2,"minecraft:skeleton":8,"minecraft:pig":8,"minecraft:sheep":8,"minecraft:zombie":15,"minecraft:cow":15},"minecraft:crafted":{"minecraft:raw_iron":18,"minecraft:furnace":2,"minecraft:cooked_mutton":10,"minecraft:iron_boots":1,"minecraft:iron_axe":1,"minecraft:stone_pickaxe":1,"minecraft:chest":2,"minecraft:redstone_block":67,"minecraft:raw_iron_block":29,"minecraft:cooked_beef":30,"minecraft:cooked_porkchop":11,"minecraft:crafting_table":1,"minecraft:enchanting_table":1,"minecraft:wooden_pickaxe":1,"minecraft:bucket":2,"minecraft:birch_planks":80,"minecraft:stone_axe":1,"minecraft:air":0,"minecraft:book":1,"minecraft:paper":3,"minecraft:diamond_pickaxe":1,"minecraft:shield":1,"minecraft:stick":20,"minecraft:iron_ingot":15,"minecraft:iron_pickaxe":1,"minecraft:iron_shovel":1,"minecraft:white_bed":1,"minecraft:diamond_chestplate":1},"minecraft:mined":{"minecraft:tuff":16,"minecraft:white_bed":5,"minecraft:dark_oak_leaves":1,"minecraft:deepslate_diamond_ore":6,"minecraft:obsidian":4,"minecraft:granite":2,"minecraft:grass_block":37,"minecraft:white_concrete":192,"minecraft:birch_slab":1,"minecraft:moss_block":1,"minecraft:raw_iron_block":3,"minecraft:furnace":8,"minecraft:iron_ore":21,"minecraft:cobbled_deepslate":16,"minecraft:andesite":8,"minecraft:deepslate_lapis_ore":2,"minecraft:enchanting_table":1,"minecraft:cave_vines":1,"minecraft:deepslate_iron_ore":65,"minecraft:rail":4,"minecraft:stone":75,"minecraft:deepslate_redstone_ore":27,"minecraft:crafting_table":11,"minecraft:glass":2,"minecraft:copper_ore":1,"minecraft:cobblestone":18,"minecraft:lapis_ore":3,"minecraft:deepslate_gold_ore":15,"minecraft:sugar_cane":16,"minecraft:diorite":2,"minecraft:birch_planks":4,"minecraft:dark_oak_door":1,"minecraft:birch_log":11,"minecraft:birch_leaves":1,"minecraft:grass":9,"minecraft:coal_ore":4,"minecraft:dirt":7,"minecraft:gold_ore":1,"minecraft:oak_leaves":8,"minecraft:deepslate":90},"minecraft:picked_up":{"minecraft:crafting_table":11,"minecraft:clay_ball":2,"minecraft:wooden_pickaxe":1,"minecraft:string":1,"minecraft:raw_copper":25,"minecraft:cobbled_deepslate":139,"minecraft:beef":31,"minecraft:sugar_cane":27,"minecraft:birch_sapling":6,"minecraft:egg":7,"minecraft:furnace":8,"minecraft:dark_oak_sapling":2,"minecraft:stick":7,"minecraft:raw_iron":265,"minecraft:oak_fence":5,"minecraft:porkchop":16,"minecraft:diorite":2,"minecraft:redstone":615,"minecraft:goat_horn":2,"minecraft:arrow":7,"minecraft:rotten_flesh":17,"minecraft:mutton":14,"minecraft:obsidian":4,"minecraft:white_wool":6,"minecraft:rail":6,"minecraft:cobblestone":92,"minecraft:birch_log":26,"minecraft:enchanting_table":1,"minecraft:birch_slab":1,"minecraft:andesite":11,"minecraft:leather":17,"minecraft:birch_planks":63,"minecraft:tuff":16,"minecraft:lapis_lazuli":144,"minecraft:dirt":40,"minecraft:bone":6,"minecraft:bow":1,"minecraft:wheat_seeds":1,"minecraft:raw_gold":75,"minecraft:moss_block":1,"minecraft:oak_planks":6,"minecraft:cooked_porkchop":5,"minecraft:raw_iron_block":4,"minecraft:white_bed":5,"minecraft:white_concrete_powder":192,"minecraft:diamond":29,"minecraft:granite":2,"minecraft:white_concrete":455,"minecraft:gray_wool":1,"minecraft:black_wool":2,"minecraft:coal":24},"minecraft:used":{"minecraft:moss_block":1,"minecraft:oak_fence":1,"minecraft:enchanting_table":2,"minecraft:iron_shovel":37,"minecraft:white_concrete_powder":192,"minecraft:chest":2,"minecraft:shield":37,"minecraft:dirt":7,"minecraft:tuff":13,"minecraft:granite":1,"minecraft:axolotl_bucket":8,"minecraft:lava_bucket":1,"minecraft:iron_axe":80,"minecraft:furnace":8,"minecraft:goat_horn":5,"minecraft:egg":7,"minecraft:cooked_beef":10,"minecraft:cobbled_deepslate":139,"minecraft:cooked_mutton":14,"minecraft:water_bucket":22,"minecraft:birch_planks":4,"minecraft:stone_pickaxe":50,"minecraft:oak_planks":1,"minecraft:wooden_pickaxe":4,"minecraft:rail":1,"minecraft:crafting_table":11,"minecraft:white_bed":6,"minecraft:diamond_pickaxe":508,"minecraft:iron_pickaxe":28,"minecraft:stone_axe":55,"minecraft:cobblestone":39,"minecraft:cooked_porkchop":16,"minecraft:bucket":33},"minecraft:dropped":{"minecraft:diamond":3,"minecraft:oak_fence":4,"minecraft:cobblestone":13,"minecraft:granite":1,"minecraft:rail":5,"minecraft:birch_slab":1,"minecraft:stick":4,"minecraft:dirt":2,"minecraft:gray_wool":1,"minecraft:diorite":2,"minecraft:white_concrete":455,"minecraft:iron_pickaxe":1,"minecraft:string":1,"minecraft:redstone":6,"minecraft:bone":1,"minecraft:stone_axe":1,"minecraft:goat_horn":2,"minecraft:tuff":3,"minecraft:birch_sapling":3,"minecraft:rotten_flesh":17,"minecraft:clay_ball":2,"minecraft:oak_planks":5,"minecraft:andesite":11,"minecraft:arrow":2,"minecraft:wooden_pickaxe":2,"minecraft:stone_pickaxe":1},"minecraft:custom":{"minecraft:mob_kills":57,"minecraft:interact_with_crafting_table":27,"minecraft:leave_game":2,"minecraft:time_since_death":200726,"minecraft:climb_one_cm":1764,"minecraft:sprint_one_cm":789039,"minecraft:walk_one_cm":138933,"minecraft:damage_blocked_by_shield":1425,"minecraft:drop":61,"minecraft:play_time":200726,"minecraft:sneak_time":4895,"minecraft:walk_under_water_one_cm":3630,"minecraft:jump":4169,"minecraft:walk_on_water_one_cm":22373,"minecraft:enchant_item":4,"minecraft:total_world_time":200726,"minecraft:interact_with_furnace":80,"minecraft:sleep_in_bed":6,"minecraft:time_since_rest":9705,"minecraft:damage_taken":1282,"minecraft:damage_dealt":9107,"minecraft:swim_one_cm":30572,"minecraft:fly_one_cm":733579,"minecraft:open_chest":35,"minecraft:crouch_one_cm":9679,"minecraft:fall_one_cm":83524}},"DataVersion":3465}