{"stats":{"minecraft:mined":{"minecraft:birch_log":1},"minecraft:picked_up":{"minecraft:dark_oak_sapling":2,"minecraft:stick":6,"minecraft:birch_sapling":3,"minecraft:birch_log":6},"minecraft:used":{"minecraft:stone_axe":1},"minecraft:custom":{"minecraft:jump":15,"minecraft:time_since_rest":1643,"minecraft:crouch_one_cm":77,"minecraft:play_time":1643,"minecraft:sprint_one_cm":2227,"minecraft:time_since_death":1643,"minecraft:walk_one_cm":924,"minecraft:sneak_time":54,"minecraft:total_world_time":1643,"minecraft:fall_one_cm":627,"minecraft:fly_one_cm":4308}},"DataVersion":3465}