{"stats":{"minecraft:crafted":{"minecraft:oak_planks":112,"minecraft:stone_shovel":15,"minecraft:crafting_table":2,"minecraft:wooden_pickaxe":1,"minecraft:iron_sword":1,"minecraft:furnace":1,"minecraft:stone_axe":7,"minecraft:cooked_mutton":12,"minecraft:air":0,"minecraft:oak_boat":1,"minecraft:shield":1,"minecraft:stick":28,"minecraft:iron_ingot":8,"minecraft:stone_pickaxe":6,"minecraft:chest":6,"minecraft:white_bed":1,"minecraft:torch":92},"minecraft:used":{"minecraft:cooked_mutton":12,"minecraft:cherry_sapling":2,"minecraft:stone_shovel":1540,"minecraft:stone_pickaxe":211,"minecraft:shield":1,"minecraft:chest":9,"minecraft:wooden_pickaxe":29,"minecraft:iron_sword":4,"minecraft:netherrack":1,"minecraft:torch":41,"minecraft:dirt":1300,"minecraft:crafting_table":9,"minecraft:white_bed":3,"minecraft:gravel":1,"minecraft:stone_axe":116,"minecraft:pink_petals":273,"minecraft:oak_sapling":1,"minecraft:furnace":2,"minecraft:birch_log":1,"minecraft:oak_boat":2,"minecraft:cherry_log":3},"minecraft:killed":{"minecraft:zombie_villager":1,"minecraft:creeper":1,"minecraft:skeleton":1,"minecraft:sheep":8,"minecraft:zombie":2},"minecraft:custom":{"minecraft:interact_with_smithing_table":1,"minecraft:interact_with_furnace":12,"minecraft:mob_kills":13,"minecraft:interact_with_crafting_table":31,"minecraft:leave_game":2,"minecraft:time_since_death":128966,"minecraft:sleep_in_bed":8,"minecraft:time_since_rest":11028,"minecraft:sprint_one_cm":180236,"minecraft:damage_taken":469,"minecraft:walk_one_cm":591467,"minecraft:damage_blocked_by_shield":25,"minecraft:drop":1,"minecraft:damage_dealt":1627,"minecraft:swim_one_cm":22110,"minecraft:talked_to_villager":3,"minecraft:fly_one_cm":268365,"minecraft:open_chest":42,"minecraft:crouch_one_cm":25389,"minecraft:play_time":128966,"minecraft:sneak_time":6603,"minecraft:walk_under_water_one_cm":4838,"minecraft:boat_one_cm":108004,"minecraft:jump":1512,"minecraft:walk_on_water_one_cm":15265,"minecraft:total_world_time":128966,"minecraft:fall_one_cm":31735},"minecraft:dropped":{"minecraft:gunpowder":1},"minecraft:broken":{"minecraft:stone_axe":2,"minecraft:stone_shovel":10},"minecraft:mined":{"minecraft:white_bed":2,"minecraft:lily_of_the_valley":77,"minecraft:cherry_log":3,"minecraft:dark_oak_log":18,"minecraft:dandelion":7,"minecraft:crafting_table":7,"minecraft:cornflower":2,"minecraft:torch":1,"minecraft:grass_block":1066,"minecraft:poppy":1,"minecraft:chest":3,"minecraft:tall_grass":93,"minecraft:sugar_cane":1,"minecraft:pink_petals":224,"minecraft:hay_block":34,"minecraft:furnace":1,"minecraft:birch_log":20,"minecraft:iron_ore":3,"minecraft:andesite":4,"minecraft:azure_bluet":1,"minecraft:grass":272,"minecraft:coal_ore":10,"minecraft:oak_log":31,"minecraft:sand":25,"minecraft:gravel":129,"minecraft:dirt":272,"minecraft:stone":202,"minecraft:netherrack":1,"minecraft:oak_leaves":8},"minecraft:picked_up":{"minecraft:birch_log":112,"minecraft:pink_petals":832,"minecraft:crafting_table":7,"minecraft:azure_bluet":1,"minecraft:andesite":4,"minecraft:flint":9,"minecraft:oak_log":165,"minecraft:gunpowder":1,"minecraft:cornflower":2,"minecraft:dirt":1330,"minecraft:bone":2,"minecraft:apple":7,"minecraft:bow":1,"minecraft:wheat_seeds":71,"minecraft:oak_boat":2,"minecraft:poppy":1,"minecraft:sugar_cane":3,"minecraft:chest":3,"minecraft:birch_sapling":49,"minecraft:furnace":1,"minecraft:dark_oak_sapling":15,"minecraft:stick":140,"minecraft:raw_iron":8,"minecraft:torch":1,"minecraft:dandelion":6,"minecraft:gravel":103,"minecraft:sand":22,"minecraft:cherry_log":66,"minecraft:white_bed":2,"minecraft:lily_of_the_valley":77,"minecraft:dark_oak_log":107,"minecraft:arrow":2,"minecraft:rotten_flesh":4,"minecraft:hay_block":34,"minecraft:cherry_sapling":46,"minecraft:oak_sapling":69,"minecraft:netherrack":1,"minecraft:mutton":12,"minecraft:coal":143,"minecraft:white_wool":8,"minecraft:cobblestone":206}},"DataVersion":3465}