{"stats":{"minecraft:killed":{"minecraft:zombie_villager":1,"minecraft:creeper":1,"minecraft:sheep":8,"minecraft:skeleton":1,"minecraft:zombie":2,"minecraft:drowned":1},"minecraft:crafted":{"minecraft:oak_slab":528,"minecraft:oak_planks":660,"minecraft:stone_shovel":22,"minecraft:birch_wood":27,"minecraft:crafting_table":2,"minecraft:baked_potato":2,"minecraft:wooden_pickaxe":1,"minecraft:iron_sword":1,"minecraft:birch_slab":84,"minecraft:furnace":1,"minecraft:birch_planks":488,"minecraft:stone_axe":7,"minecraft:cooked_mutton":12,"minecraft:air":0,"minecraft:oak_boat":1,"minecraft:dark_oak_door":6,"minecraft:glass":79,"minecraft:white_concrete_powder":416,"minecraft:shield":1,"minecraft:white_dye":77,"minecraft:stick":28,"minecraft:iron_ingot":10,"minecraft:stone_pickaxe":8,"minecraft:chest":6,"minecraft:white_bed":1,"minecraft:dark_oak_planks":12,"minecraft:torch":92},"minecraft:mined":{"minecraft:oak_slab":4,"minecraft:white_bed":2,"minecraft:lily_of_the_valley":77,"minecraft:cherry_log":3,"minecraft:dark_oak_log":18,"minecraft:dandelion":7,"minecraft:clay":19,"minecraft:crafting_table":7,"minecraft:cornflower":2,"minecraft:torch":1,"minecraft:grass_block":1509,"minecraft:poppy":1,"minecraft:chest":3,"minecraft:white_concrete":266,"minecraft:tall_grass":94,"minecraft:birch_slab":14,"minecraft:oak_planks":21,"minecraft:sugar_cane":1,"minecraft:white_concrete_powder":1,"minecraft:wall_torch":6,"minecraft:pink_petals":318,"minecraft:hay_block":34,"minecraft:birch_planks":3,"minecraft:furnace":1,"minecraft:birch_log":34,"minecraft:iron_ore":3,"minecraft:andesite":4,"minecraft:azure_bluet":1,"minecraft:grass":299,"minecraft:oak_log":31,"minecraft:coal_ore":10,"minecraft:cherry_leaves":7,"minecraft:gravel":382,"minecraft:sand":325,"minecraft:dirt":277,"minecraft:stone":202,"minecraft:netherrack":1,"minecraft:oak_leaves":8},"minecraft:picked_up":{"minecraft:birch_log":181,"minecraft:pink_petals":1276,"minecraft:crafting_table":7,"minecraft:azure_bluet":1,"minecraft:birch_slab":16,"minecraft:clay_ball":72,"minecraft:andesite":4,"minecraft:birch_planks":4,"minecraft:flint":39,"minecraft:oak_log":165,"minecraft:gunpowder":1,"minecraft:cornflower":2,"minecraft:dirt":1775,"minecraft:bone":2,"minecraft:apple":9,"minecraft:bow":1,"minecraft:wheat_seeds":74,"minecraft:oak_boat":2,"minecraft:poppy":1,"minecraft:sugar_cane":3,"minecraft:chest":3,"minecraft:birch_sapling":74,"minecraft:oak_planks":21,"minecraft:dark_oak_door":1,"minecraft:oak_slab":8,"minecraft:furnace":1,"minecraft:raw_iron":8,"minecraft:dark_oak_sapling":15,"minecraft:stick":155,"minecraft:torch":10,"minecraft:dandelion":6,"minecraft:gravel":342,"minecraft:sand":325,"minecraft:cherry_log":66,"minecraft:white_bed":2,"minecraft:lily_of_the_valley":77,"minecraft:dark_oak_log":107,"minecraft:goat_horn":1,"minecraft:arrow":2,"minecraft:rotten_flesh":4,"minecraft:white_concrete_powder":1,"minecraft:diamond":3,"minecraft:hay_block":34,"minecraft:cherry_sapling":48,"minecraft:white_concrete":458,"minecraft:oak_sapling":73,"minecraft:netherrack":1,"minecraft:mutton":12,"minecraft:coal":143,"minecraft:white_wool":8,"minecraft:cobblestone":206},"minecraft:broken":{"minecraft:stone_pickaxe":2,"minecraft:stone_axe":2,"minecraft:stone_shovel":17},"minecraft:used":{"minecraft:cooked_mutton":12,"minecraft:cherry_sapling":2,"minecraft:birch_planks":449,"minecraft:stone_pickaxe":479,"minecraft:stone_shovel":2599,"minecraft:baked_potato":2,"minecraft:oak_planks":282,"minecraft:birch_wood":6,"minecraft:chest":9,"minecraft:wooden_pickaxe":29,"minecraft:white_concrete_powder":225,"minecraft:shield":1,"minecraft:iron_sword":8,"minecraft:netherrack":1,"minecraft:torch":86,"minecraft:dirt":1301,"minecraft:oak_slab":427,"minecraft:crafting_table":9,"minecraft:white_bed":3,"minecraft:dark_oak_door":7,"minecraft:glass":77,"minecraft:apple":14,"minecraft:birch_slab":29,"minecraft:bread":5,"minecraft:gravel":5,"minecraft:stone_axe":187,"minecraft:pink_petals":951,"minecraft:oak_sapling":1,"minecraft:goat_horn":1,"minecraft:furnace":2,"minecraft:birch_log":10,"minecraft:oak_boat":2,"minecraft:white_concrete":413,"minecraft:cherry_log":3},"minecraft:dropped":{"minecraft:goat_horn":1,"minecraft:gunpowder":1,"minecraft:white_concrete_powder":192},"minecraft:custom":{"minecraft:interact_with_smithing_table":1,"minecraft:interact_with_furnace":31,"minecraft:mob_kills":14,"minecraft:interact_with_crafting_table":46,"minecraft:leave_game":7,"minecraft:time_since_death":223332,"minecraft:sleep_in_bed":11,"minecraft:time_since_rest":38996,"minecraft:sprint_one_cm":278541,"minecraft:damage_taken":1204,"minecraft:damage_blocked_by_shield":25,"minecraft:walk_one_cm":1067413,"minecraft:drop":5,"minecraft:damage_dealt":1918,"minecraft:swim_one_cm":70603,"minecraft:talked_to_villager":3,"minecraft:fly_one_cm":405271,"minecraft:open_chest":116,"minecraft:crouch_one_cm":52448,"minecraft:play_time":223332,"minecraft:sneak_time":16436,"minecraft:walk_under_water_one_cm":10620,"minecraft:boat_one_cm":108004,"minecraft:jump":2552,"minecraft:walk_on_water_one_cm":61809,"minecraft:total_world_time":223332,"minecraft:fall_one_cm":53738}},"DataVersion":3465}