{"stats":{"minecraft:killed":{"minecraft:spider":2,"minecraft:skeleton":4,"minecraft:drowned":1,"minecraft:zombie_villager":1,"minecraft:creeper":2,"minecraft:sheep":8,"minecraft:zombie":15},"minecraft:mined":{"minecraft:white_bed":7,"minecraft:cherry_log":3,"minecraft:dark_oak_log":18,"minecraft:grass_block":1515,"minecraft:white_concrete":348,"minecraft:birch_slab":34,"minecraft:white_concrete_powder":1,"minecraft:hay_block":34,"minecraft:furnace":2,"minecraft:iron_ore":4,"minecraft:andesite":4,"minecraft:azure_bluet":1,"minecraft:stone":296,"minecraft:oak_slab":64,"minecraft:lily_of_the_valley":77,"minecraft:dandelion":7,"minecraft:oak_fence":8,"minecraft:clay":19,"minecraft:crafting_table":10,"minecraft:cornflower":2,"minecraft:torch":2,"minecraft:poppy":1,"minecraft:chest":9,"minecraft:tall_grass":94,"minecraft:cobblestone":7,"minecraft:sugar_cane":1,"minecraft:oak_planks":58,"minecraft:wall_torch":13,"minecraft:pink_petals":318,"minecraft:birch_planks":4,"minecraft:birch_log":34,"minecraft:grass":302,"minecraft:oak_log":44,"minecraft:coal_ore":15,"minecraft:oak_fence_gate":8,"minecraft:cherry_leaves":7,"minecraft:gravel":382,"minecraft:sand":400,"minecraft:dirt":277,"minecraft:netherrack":1,"minecraft:oak_leaves":16},"minecraft:crafted":{"minecraft:brick":9,"minecraft:oak_planks":932,"minecraft:stone_shovel":22,"minecraft:birch_wood":27,"minecraft:birch_slab":84,"minecraft:furnace":1,"minecraft:cooked_mutton":12,"minecraft:glass_pane":112,"minecraft:glass":183,"minecraft:dark_oak_door":6,"minecraft:white_concrete_powder":416,"minecraft:stone_pickaxe":10,"minecraft:chiseled_bookshelf":10,"minecraft:chest":10,"minecraft:dark_oak_planks":12,"minecraft:oak_fence":12,"minecraft:flower_pot":3,"minecraft:oak_slab":828,"minecraft:crafting_table":3,"minecraft:baked_potato":2,"minecraft:wooden_pickaxe":1,"minecraft:iron_sword":1,"minecraft:birch_planks":488,"minecraft:stone_axe":10,"minecraft:air":0,"minecraft:oak_fence_gate":7,"minecraft:oak_boat":1,"minecraft:shield":1,"minecraft:white_dye":77,"minecraft:stick":36,"minecraft:iron_ingot":10,"minecraft:white_bed":2,"minecraft:torch":180},"minecraft:picked_up":{"minecraft:crafting_table":10,"minecraft:azure_bluet":2,"minecraft:clay_ball":105,"minecraft:wooden_pickaxe":1,"minecraft:brick":30,"minecraft:shield":1,"minecraft:cornflower":4,"minecraft:string":4,"minecraft:flint_and_steel":1,"minecraft:oak_boat":3,"minecraft:iron_nugget":14,"minecraft:poppy":1,"minecraft:sugar_cane":6,"minecraft:chest":9,"minecraft:birch_sapling":148,"minecraft:egg":1,"minecraft:furnace":2,"minecraft:dark_oak_door":1,"minecraft:dark_oak_sapling":30,"minecraft:stick":206,"minecraft:raw_iron":12,"minecraft:oak_fence":8,"minecraft:torch":21,"minecraft:cherry_log":129,"minecraft:goat_horn":1,"minecraft:rotten_flesh":8,"minecraft:arrow":7,"minecraft:stone_shovel":1,"minecraft:hay_block":34,"minecraft:mutton":12,"minecraft:white_wool":8,"minecraft:cobblestone":431,"minecraft:birch_log":215,"minecraft:pink_petals":1601,"minecraft:birch_slab":43,"minecraft:andesite":8,"minecraft:potato":9,"minecraft:birch_planks":5,"minecraft:flint":78,"minecraft:oak_log":233,"minecraft:gunpowder":1,"minecraft:dirt":2255,"minecraft:bone":5,"minecraft:apple":11,"minecraft:bow":2,"minecraft:wheat_seeds":148,"minecraft:oak_fence_gate":8,"minecraft:iron_ingot":2,"minecraft:oak_planks":57,"minecraft:iron_sword":1,"minecraft:oak_slab":116,"minecraft:dandelion":12,"minecraft:gravel":343,"minecraft:sand":400,"minecraft:white_bed":7,"minecraft:lily_of_the_valley":77,"minecraft:dark_oak_log":211,"minecraft:spider_eye":1,"minecraft:white_concrete_powder":1,"minecraft:diamond":6,"minecraft:stone_axe":1,"minecraft:cherry_sapling":48,"minecraft:white_concrete":539,"minecraft:emerald":2,"minecraft:oak_sapling":186,"minecraft:netherrack":1,"minecraft:coal":261},"minecraft:killed_by":{"minecraft:spider":1},"minecraft:broken":{"minecraft:stone_pickaxe":3,"minecraft:stone_axe":3,"minecraft:stone_shovel":17},"minecraft:used":{"minecraft:oak_fence":16,"minecraft:cherry_sapling":2,"minecraft:stone_shovel":2680,"minecraft:white_concrete_powder":225,"minecraft:chest":17,"minecraft:shield":3,"minecraft:iron_sword":80,"minecraft:netherrack":1,"minecraft:torch":200,"minecraft:dirt":1307,"minecraft:oak_fence_gate":10,"minecraft:glass":127,"minecraft:oak_sapling":1,"minecraft:goat_horn":1,"minecraft:furnace":2,"minecraft:egg":1,"minecraft:cherry_log":3,"minecraft:cooked_mutton":12,"minecraft:chiseled_bookshelf":10,"minecraft:birch_planks":450,"minecraft:stone_pickaxe":669,"minecraft:baked_potato":2,"minecraft:oak_planks":327,"minecraft:birch_wood":6,"minecraft:wooden_pickaxe":30,"minecraft:oak_slab":896,"minecraft:crafting_table":11,"minecraft:white_bed":9,"minecraft:dark_oak_door":7,"minecraft:flower_pot":2,"minecraft:apple":14,"minecraft:birch_slab":66,"minecraft:bread":26,"minecraft:gravel":5,"minecraft:stone_axe":346,"minecraft:pink_petals":951,"minecraft:cobblestone":73,"minecraft:birch_log":10,"minecraft:glass_pane":108,"minecraft:oak_boat":2,"minecraft:white_concrete":539},"minecraft:dropped":{"minecraft:torch":1,"minecraft:goat_horn":1,"minecraft:gunpowder":1,"minecraft:white_concrete_powder":192},"minecraft:custom":{"minecraft:interact_with_smithing_table":1,"minecraft:mob_kills":33,"minecraft:interact_with_crafting_table":64,"minecraft:leave_game":12,"minecraft:time_since_death":82912,"minecraft:sprint_one_cm":525189,"minecraft:walk_one_cm":1371063,"minecraft:damage_blocked_by_shield":70,"minecraft:drop":6,"minecraft:talked_to_villager":3,"minecraft:play_time":377038,"minecraft:deaths":1,"minecraft:sneak_time":21199,"minecraft:walk_under_water_one_cm":11199,"minecraft:boat_one_cm":108004,"minecraft:jump":3755,"minecraft:walk_on_water_one_cm":69922,"minecraft:total_world_time":377038,"minecraft:interact_with_furnace":53,"minecraft:pot_flower":2,"minecraft:sleep_in_bed":14,"minecraft:time_since_rest":82941,"minecraft:damage_taken":2004,"minecraft:damage_dealt":5005,"minecraft:swim_one_cm":77977,"minecraft:fly_one_cm":669027,"minecraft:open_chest":196,"minecraft:crouch_one_cm":68992,"minecraft:fall_one_cm":81950}},"DataVersion":3465}