{"stats":{"minecraft:crafted":{"minecraft:brick":9,"minecraft:oak_planks":896,"minecraft:stone_shovel":22,"minecraft:birch_wood":27,"minecraft:birch_slab":84,"minecraft:furnace":1,"minecraft:cooked_mutton":12,"minecraft:glass_pane":112,"minecraft:dark_oak_door":6,"minecraft:glass":183,"minecraft:white_concrete_powder":416,"minecraft:stone_pickaxe":8,"minecraft:chiseled_bookshelf":10,"minecraft:chest":10,"minecraft:dark_oak_planks":12,"minecraft:oak_fence":12,"minecraft:flower_pot":3,"minecraft:oak_slab":828,"minecraft:crafting_table":2,"minecraft:baked_potato":2,"minecraft:wooden_pickaxe":1,"minecraft:iron_sword":1,"minecraft:birch_planks":488,"minecraft:stone_axe":9,"minecraft:air":0,"minecraft:oak_fence_gate":7,"minecraft:oak_boat":1,"minecraft:shield":1,"minecraft:white_dye":77,"minecraft:stick":28,"minecraft:iron_ingot":10,"minecraft:white_bed":2,"minecraft:torch":92},"minecraft:killed":{"minecraft:skeleton":1,"minecraft:drowned":1,"minecraft:zombie_villager":1,"minecraft:creeper":1,"minecraft:sheep":8,"minecraft:zombie":2},"minecraft:mined":{"minecraft:white_bed":7,"minecraft:cherry_log":3,"minecraft:dark_oak_log":18,"minecraft:grass_block":1514,"minecraft:white_concrete":348,"minecraft:birch_slab":34,"minecraft:white_concrete_powder":1,"minecraft:hay_block":34,"minecraft:furnace":2,"minecraft:iron_ore":3,"minecraft:andesite":4,"minecraft:azure_bluet":1,"minecraft:stone":202,"minecraft:oak_slab":64,"minecraft:lily_of_the_valley":77,"minecraft:dandelion":7,"minecraft:oak_fence":8,"minecraft:clay":19,"minecraft:crafting_table":9,"minecraft:cornflower":2,"minecraft:torch":1,"minecraft:poppy":1,"minecraft:chest":9,"minecraft:tall_grass":94,"minecraft:sugar_cane":1,"minecraft:oak_planks":58,"minecraft:wall_torch":13,"minecraft:pink_petals":318,"minecraft:birch_planks":3,"minecraft:birch_log":34,"minecraft:grass":302,"minecraft:oak_log":41,"minecraft:coal_ore":10,"minecraft:oak_fence_gate":8,"minecraft:cherry_leaves":7,"minecraft:gravel":382,"minecraft:sand":400,"minecraft:dirt":277,"minecraft:netherrack":1,"minecraft:oak_leaves":9},"minecraft:used":{"minecraft:oak_fence":16,"minecraft:cherry_sapling":2,"minecraft:stone_shovel":2680,"minecraft:white_concrete_powder":225,"minecraft:chest":17,"minecraft:shield":1,"minecraft:iron_sword":8,"minecraft:netherrack":1,"minecraft:torch":111,"minecraft:dirt":1306,"minecraft:oak_fence_gate":10,"minecraft:glass":127,"minecraft:furnace":2,"minecraft:goat_horn":1,"minecraft:oak_sapling":1,"minecraft:cherry_log":3,"minecraft:cooked_mutton":12,"minecraft:chiseled_bookshelf":10,"minecraft:birch_planks":449,"minecraft:stone_pickaxe":561,"minecraft:baked_potato":2,"minecraft:oak_planks":327,"minecraft:birch_wood":6,"minecraft:wooden_pickaxe":30,"minecraft:oak_slab":896,"minecraft:crafting_table":10,"minecraft:white_bed":9,"minecraft:dark_oak_door":7,"minecraft:flower_pot":2,"minecraft:apple":14,"minecraft:birch_slab":66,"minecraft:bread":12,"minecraft:gravel":5,"minecraft:stone_axe":340,"minecraft:pink_petals":951,"minecraft:birch_log":10,"minecraft:glass_pane":108,"minecraft:oak_boat":2,"minecraft:white_concrete":539},"minecraft:dropped":{"minecraft:goat_horn":1,"minecraft:gunpowder":1,"minecraft:white_concrete_powder":192},"minecraft:broken":{"minecraft:stone_pickaxe":2,"minecraft:stone_axe":3,"minecraft:stone_shovel":17},"minecraft:picked_up":{"minecraft:crafting_table":9,"minecraft:azure_bluet":2,"minecraft:clay_ball":105,"minecraft:wooden_pickaxe":1,"minecraft:brick":30,"minecraft:shield":1,"minecraft:cornflower":4,"minecraft:flint_and_steel":1,"minecraft:oak_boat":3,"minecraft:iron_nugget":14,"minecraft:poppy":1,"minecraft:sugar_cane":6,"minecraft:chest":9,"minecraft:birch_sapling":148,"minecraft:furnace":2,"minecraft:dark_oak_door":1,"minecraft:dark_oak_sapling":30,"minecraft:stick":204,"minecraft:raw_iron":8,"minecraft:oak_fence":8,"minecraft:torch":19,"minecraft:cherry_log":129,"minecraft:goat_horn":1,"minecraft:stone_shovel":1,"minecraft:arrow":4,"minecraft:rotten_flesh":4,"minecraft:hay_block":34,"minecraft:mutton":12,"minecraft:white_wool":8,"minecraft:cobblestone":344,"minecraft:birch_log":215,"minecraft:pink_petals":1601,"minecraft:andesite":8,"minecraft:birch_slab":43,"minecraft:potato":9,"minecraft:birch_planks":4,"minecraft:flint":78,"minecraft:oak_log":224,"minecraft:gunpowder":1,"minecraft:dirt":2254,"minecraft:bone":4,"minecraft:apple":11,"minecraft:bow":2,"minecraft:wheat_seeds":148,"minecraft:iron_ingot":2,"minecraft:oak_fence_gate":8,"minecraft:iron_sword":1,"minecraft:oak_planks":57,"minecraft:oak_slab":116,"minecraft:dandelion":12,"minecraft:gravel":343,"minecraft:sand":400,"minecraft:white_bed":7,"minecraft:lily_of_the_valley":77,"minecraft:dark_oak_log":211,"minecraft:white_concrete_powder":1,"minecraft:diamond":6,"minecraft:stone_axe":1,"minecraft:cherry_sapling":48,"minecraft:white_concrete":539,"minecraft:emerald":2,"minecraft:oak_sapling":179,"minecraft:netherrack":1,"minecraft:coal":204},"minecraft:custom":{"minecraft:interact_with_smithing_table":1,"minecraft:mob_kills":14,"minecraft:interact_with_crafting_table":63,"minecraft:leave_game":9,"minecraft:time_since_death":273040,"minecraft:sprint_one_cm":367228,"minecraft:walk_one_cm":1282666,"minecraft:damage_blocked_by_shield":25,"minecraft:drop":5,"minecraft:talked_to_villager":3,"minecraft:play_time":273040,"minecraft:sneak_time":18459,"minecraft:walk_under_water_one_cm":11199,"minecraft:boat_one_cm":108004,"minecraft:jump":2954,"minecraft:walk_on_water_one_cm":66952,"minecraft:total_world_time":273040,"minecraft:interact_with_furnace":53,"minecraft:pot_flower":2,"minecraft:sleep_in_bed":14,"minecraft:time_since_rest":5264,"minecraft:damage_taken":1314,"minecraft:damage_dealt":1918,"minecraft:swim_one_cm":77977,"minecraft:fly_one_cm":499682,"minecraft:open_chest":180,"minecraft:crouch_one_cm":61347,"minecraft:fall_one_cm":60181}},"DataVersion":3465}