{"stats":{"minecraft:crafted":{"minecraft:oak_planks":368,"minecraft:stone_shovel":19,"minecraft:birch_wood":27,"minecraft:crafting_table":2,"minecraft:wooden_pickaxe":1,"minecraft:iron_sword":1,"minecraft:furnace":1,"minecraft:stone_axe":7,"minecraft:cooked_mutton":12,"minecraft:air":0,"minecraft:dark_oak_door":6,"minecraft:oak_boat":1,"minecraft:white_concrete_powder":416,"minecraft:shield":1,"minecraft:white_dye":77,"minecraft:stick":28,"minecraft:iron_ingot":8,"minecraft:stone_pickaxe":8,"minecraft:chest":6,"minecraft:white_bed":1,"minecraft:dark_oak_planks":12,"minecraft:torch":92},"minecraft:used":{"minecraft:cooked_mutton":12,"minecraft:cherry_sapling":2,"minecraft:stone_shovel":2115,"minecraft:stone_pickaxe":457,"minecraft:birch_wood":6,"minecraft:oak_planks":227,"minecraft:white_concrete_powder":224,"minecraft:shield":1,"minecraft:chest":9,"minecraft:wooden_pickaxe":29,"minecraft:iron_sword":8,"minecraft:netherrack":1,"minecraft:torch":41,"minecraft:dirt":1300,"minecraft:crafting_table":9,"minecraft:white_bed":3,"minecraft:dark_oak_door":6,"minecraft:apple":6,"minecraft:bread":5,"minecraft:gravel":5,"minecraft:stone_axe":142,"minecraft:pink_petals":273,"minecraft:goat_horn":1,"minecraft:oak_sapling":1,"minecraft:furnace":2,"minecraft:birch_log":10,"minecraft:oak_boat":2,"minecraft:white_concrete":238,"minecraft:cherry_log":3},"minecraft:killed":{"minecraft:zombie_villager":1,"minecraft:creeper":1,"minecraft:skeleton":1,"minecraft:sheep":8,"minecraft:zombie":2,"minecraft:drowned":1},"minecraft:custom":{"minecraft:interact_with_smithing_table":1,"minecraft:interact_with_furnace":15,"minecraft:mob_kills":14,"minecraft:interact_with_crafting_table":38,"minecraft:leave_game":2,"minecraft:time_since_death":176966,"minecraft:sleep_in_bed":10,"minecraft:time_since_rest":5693,"minecraft:sprint_one_cm":213465,"minecraft:damage_taken":949,"minecraft:walk_one_cm":738752,"minecraft:damage_blocked_by_shield":25,"minecraft:drop":2,"minecraft:damage_dealt":1848,"minecraft:swim_one_cm":70603,"minecraft:talked_to_villager":3,"minecraft:fly_one_cm":325559,"minecraft:open_chest":74,"minecraft:crouch_one_cm":39151,"minecraft:play_time":176966,"minecraft:sneak_time":13359,"minecraft:walk_under_water_one_cm":10620,"minecraft:boat_one_cm":108004,"minecraft:jump":2194,"minecraft:walk_on_water_one_cm":61809,"minecraft:total_world_time":176966,"minecraft:fall_one_cm":44199},"minecraft:dropped":{"minecraft:goat_horn":1,"minecraft:gunpowder":1},"minecraft:mined":{"minecraft:white_bed":2,"minecraft:lily_of_the_valley":77,"minecraft:cherry_log":3,"minecraft:dark_oak_log":18,"minecraft:dandelion":7,"minecraft:clay":19,"minecraft:crafting_table":7,"minecraft:cornflower":2,"minecraft:torch":1,"minecraft:grass_block":1067,"minecraft:poppy":1,"minecraft:chest":3,"minecraft:white_concrete":245,"minecraft:tall_grass":94,"minecraft:oak_planks":20,"minecraft:sugar_cane":1,"minecraft:pink_petals":253,"minecraft:hay_block":34,"minecraft:furnace":1,"minecraft:birch_log":23,"minecraft:iron_ore":3,"minecraft:andesite":4,"minecraft:azure_bluet":1,"minecraft:grass":283,"minecraft:coal_ore":10,"minecraft:oak_log":31,"minecraft:sand":325,"minecraft:gravel":382,"minecraft:dirt":272,"minecraft:stone":202,"minecraft:netherrack":1,"minecraft:oak_leaves":8},"minecraft:picked_up":{"minecraft:birch_log":115,"minecraft:pink_petals":903,"minecraft:crafting_table":7,"minecraft:azure_bluet":1,"minecraft:clay_ball":72,"minecraft:andesite":4,"minecraft:flint":39,"minecraft:oak_log":165,"minecraft:gunpowder":1,"minecraft:cornflower":2,"minecraft:dirt":1331,"minecraft:bone":2,"minecraft:apple":7,"minecraft:bow":1,"minecraft:wheat_seeds":71,"minecraft:oak_boat":2,"minecraft:poppy":1,"minecraft:sugar_cane":3,"minecraft:chest":3,"minecraft:birch_sapling":49,"minecraft:oak_planks":20,"minecraft:furnace":1,"minecraft:dark_oak_sapling":15,"minecraft:stick":140,"minecraft:raw_iron":8,"minecraft:torch":1,"minecraft:dandelion":6,"minecraft:gravel":342,"minecraft:sand":325,"minecraft:cherry_log":66,"minecraft:white_bed":2,"minecraft:lily_of_the_valley":77,"minecraft:dark_oak_log":107,"minecraft:goat_horn":1,"minecraft:arrow":2,"minecraft:rotten_flesh":4,"minecraft:diamond":3,"minecraft:hay_block":34,"minecraft:cherry_sapling":46,"minecraft:white_concrete":245,"minecraft:oak_sapling":69,"minecraft:netherrack":1,"minecraft:mutton":12,"minecraft:coal":143,"minecraft:white_wool":8,"minecraft:cobblestone":206},"minecraft:broken":{"minecraft:stone_pickaxe":2,"minecraft:stone_axe":2,"minecraft:stone_shovel":14}},"DataVersion":3465}