{"stats":{"minecraft:crafted":{"minecraft:oak_planks":60,"minecraft:stone_shovel":10,"minecraft:crafting_table":2,"minecraft:wooden_pickaxe":1,"minecraft:furnace":1,"minecraft:stone_axe":2,"minecraft:cooked_mutton":12,"minecraft:air":0,"minecraft:oak_boat":1,"minecraft:stick":12,"minecraft:stone_pickaxe":4,"minecraft:chest":2,"minecraft:white_bed":1,"minecraft:torch":40},"minecraft:used":{"minecraft:cooked_mutton":5,"minecraft:stone_shovel":909,"minecraft:stone_pickaxe":194,"minecraft:chest":3,"minecraft:wooden_pickaxe":29,"minecraft:netherrack":1,"minecraft:torch":21,"minecraft:dirt":734,"minecraft:crafting_table":9,"minecraft:white_bed":3,"minecraft:stone_axe":68,"minecraft:pink_petals":2,"minecraft:oak_sapling":1,"minecraft:furnace":2,"minecraft:oak_boat":2,"minecraft:cherry_log":2},"minecraft:killed":{"minecraft:zombie_villager":1,"minecraft:creeper":1,"minecraft:sheep":8,"minecraft:zombie":2},"minecraft:custom":{"minecraft:interact_with_smithing_table":1,"minecraft:interact_with_furnace":8,"minecraft:mob_kills":12,"minecraft:interact_with_crafting_table":21,"minecraft:leave_game":2,"minecraft:time_since_death":80966,"minecraft:sleep_in_bed":4,"minecraft:time_since_rest":17250,"minecraft:sprint_one_cm":93199,"minecraft:damage_taken":274,"minecraft:walk_one_cm":387777,"minecraft:drop":1,"minecraft:damage_dealt":1427,"minecraft:swim_one_cm":6393,"minecraft:talked_to_villager":3,"minecraft:fly_one_cm":135439,"minecraft:open_chest":8,"minecraft:crouch_one_cm":10084,"minecraft:play_time":80966,"minecraft:sneak_time":2705,"minecraft:walk_under_water_one_cm":1747,"minecraft:boat_one_cm":108004,"minecraft:jump":853,"minecraft:walk_on_water_one_cm":2557,"minecraft:total_world_time":80966,"minecraft:fall_one_cm":18881},"minecraft:dropped":{"minecraft:gunpowder":1},"minecraft:broken":{"minecraft:stone_axe":1,"minecraft:stone_shovel":6},"minecraft:mined":{"minecraft:white_bed":2,"minecraft:lily_of_the_valley":77,"minecraft:cherry_log":2,"minecraft:dark_oak_log":18,"minecraft:dandelion":2,"minecraft:crafting_table":7,"minecraft:grass_block":687,"minecraft:chest":1,"minecraft:tall_grass":63,"minecraft:sugar_cane":1,"minecraft:pink_petals":146,"minecraft:hay_block":34,"minecraft:furnace":1,"minecraft:birch_log":1,"minecraft:iron_ore":3,"minecraft:andesite":4,"minecraft:grass":112,"minecraft:coal_ore":10,"minecraft:oak_log":11,"minecraft:dirt":208,"minecraft:stone":185,"minecraft:netherrack":1,"minecraft:oak_leaves":1},"minecraft:picked_up":{"minecraft:birch_log":5,"minecraft:pink_petals":532,"minecraft:crafting_table":7,"minecraft:andesite":4,"minecraft:oak_log":29,"minecraft:gunpowder":1,"minecraft:dirt":887,"minecraft:apple":4,"minecraft:wheat_seeds":37,"minecraft:oak_boat":2,"minecraft:sugar_cane":3,"minecraft:chest":1,"minecraft:birch_sapling":2,"minecraft:furnace":1,"minecraft:dark_oak_sapling":15,"minecraft:stick":51,"minecraft:raw_iron":8,"minecraft:dandelion":1,"minecraft:cherry_log":44,"minecraft:white_bed":2,"minecraft:lily_of_the_valley":77,"minecraft:dark_oak_log":107,"minecraft:rotten_flesh":4,"minecraft:hay_block":34,"minecraft:cherry_sapling":32,"minecraft:oak_sapling":9,"minecraft:netherrack":1,"minecraft:mutton":12,"minecraft:coal":143,"minecraft:white_wool":8,"minecraft:cobblestone":190}},"DataVersion":3465}