{"stats":{"minecraft:crafted":{"minecraft:oak_planks":112,"minecraft:stone_shovel":10,"minecraft:crafting_table":2,"minecraft:wooden_pickaxe":1,"minecraft:furnace":1,"minecraft:stone_axe":4,"minecraft:cooked_mutton":12,"minecraft:air":0,"minecraft:oak_boat":1,"minecraft:stick":28,"minecraft:iron_ingot":8,"minecraft:stone_pickaxe":5,"minecraft:chest":4,"minecraft:white_bed":1,"minecraft:torch":40},"minecraft:used":{"minecraft:cooked_mutton":9,"minecraft:cherry_sapling":2,"minecraft:stone_shovel":1385,"minecraft:stone_pickaxe":211,"minecraft:chest":6,"minecraft:wooden_pickaxe":29,"minecraft:netherrack":1,"minecraft:torch":41,"minecraft:dirt":1300,"minecraft:crafting_table":9,"minecraft:white_bed":3,"minecraft:stone_axe":73,"minecraft:pink_petals":273,"minecraft:oak_sapling":1,"minecraft:furnace":2,"minecraft:oak_boat":2,"minecraft:cherry_log":3},"minecraft:killed":{"minecraft:zombie_villager":1,"minecraft:creeper":1,"minecraft:sheep":8,"minecraft:zombie":2},"minecraft:custom":{"minecraft:interact_with_smithing_table":1,"minecraft:interact_with_furnace":9,"minecraft:mob_kills":12,"minecraft:interact_with_crafting_table":24,"minecraft:leave_game":2,"minecraft:time_since_death":104966,"minecraft:sleep_in_bed":7,"minecraft:time_since_rest":1227,"minecraft:sprint_one_cm":128358,"minecraft:damage_taken":344,"minecraft:walk_one_cm":536313,"minecraft:drop":1,"minecraft:damage_dealt":1427,"minecraft:swim_one_cm":6393,"minecraft:talked_to_villager":3,"minecraft:fly_one_cm":185221,"minecraft:open_chest":15,"minecraft:crouch_one_cm":24941,"minecraft:play_time":104966,"minecraft:sneak_time":5942,"minecraft:walk_under_water_one_cm":1747,"minecraft:boat_one_cm":108004,"minecraft:jump":1123,"minecraft:walk_on_water_one_cm":2557,"minecraft:total_world_time":104966,"minecraft:fall_one_cm":22973},"minecraft:dropped":{"minecraft:gunpowder":1},"minecraft:broken":{"minecraft:stone_axe":1,"minecraft:stone_shovel":9},"minecraft:mined":{"minecraft:white_bed":2,"minecraft:lily_of_the_valley":77,"minecraft:cherry_log":3,"minecraft:dark_oak_log":18,"minecraft:dandelion":7,"minecraft:crafting_table":7,"minecraft:cornflower":2,"minecraft:torch":1,"minecraft:grass_block":1066,"minecraft:chest":2,"minecraft:tall_grass":93,"minecraft:sugar_cane":1,"minecraft:pink_petals":224,"minecraft:hay_block":34,"minecraft:furnace":1,"minecraft:birch_log":1,"minecraft:iron_ore":3,"minecraft:andesite":4,"minecraft:azure_bluet":1,"minecraft:grass":270,"minecraft:coal_ore":10,"minecraft:oak_log":12,"minecraft:dirt":271,"minecraft:stone":202,"minecraft:netherrack":1,"minecraft:oak_leaves":6},"minecraft:picked_up":{"minecraft:birch_log":5,"minecraft:pink_petals":832,"minecraft:crafting_table":7,"minecraft:azure_bluet":1,"minecraft:andesite":4,"minecraft:oak_log":46,"minecraft:gunpowder":1,"minecraft:cornflower":2,"minecraft:dirt":1329,"minecraft:apple":4,"minecraft:wheat_seeds":70,"minecraft:oak_boat":2,"minecraft:sugar_cane":3,"minecraft:chest":2,"minecraft:birch_sapling":2,"minecraft:furnace":1,"minecraft:dark_oak_sapling":15,"minecraft:stick":75,"minecraft:raw_iron":8,"minecraft:torch":1,"minecraft:dandelion":6,"minecraft:cherry_log":66,"minecraft:white_bed":2,"minecraft:lily_of_the_valley":77,"minecraft:dark_oak_log":107,"minecraft:rotten_flesh":4,"minecraft:hay_block":34,"minecraft:cherry_sapling":46,"minecraft:oak_sapling":15,"minecraft:netherrack":1,"minecraft:mutton":12,"minecraft:coal":143,"minecraft:white_wool":8,"minecraft:cobblestone":206}},"DataVersion":3465}